{"cameraMode":{"drawMode":0,"name":"Shaded","section":"Shading Mode"},"sceneLighting":true,"audioPlay":false,"sceneViewState":{"m_AlwaysRefresh":false,"showFog":true,"showSkybox":true,"showFlares":true,"showImageEffects":true,"showParticleSystems":true,"showVisualEffectGraphs":true,"m_FxEnabled":true},"in2DMode":false,"pivot":{"x":78.74070739746094,"y":47.526554107666019,"z":415.08441162109377},"rotation":{"x":0.05558549612760544,"y":-0.07990005612373352,"z":-0.0044727623462677,"w":-0.9952898621559143},"size":207.42620849609376,"orthographic":false}